"query","significant","p_value","term_size","query_size","intersection_size","precision","recall","term_id","source","term_name","effective_domain_size","source_order","parents"
"query_1",TRUE,0.00390673899997415,22771,117,113,0.965811965811966,0.00496245224188661,"GO:0110165","GO:CC","cellular anatomical structure",27195,3380,"GO:0005575"
"query_1",TRUE,0.00692560532521725,16,117,3,0.0256410256410256,0.1875,"GO:0030061","GO:CC","mitochondrial crista",27195,850,"GO:0005743; GO:0110165"
"query_1",TRUE,0.0119231052098011,4335,117,35,0.299145299145299,0.00807381776239908,"GO:0012505","GO:CC","endomembrane system",27195,667,"GO:0110165"
"query_1",TRUE,0.0215036778681937,10237,117,63,0.538461538461538,0.00615414672267266,"GO:0016020","GO:CC","membrane",27195,700,"GO:0110165"
"query_1",TRUE,0.0242246473376521,11701,117,69,0.58974358974359,0.00589693188616358,"GO:0005737","GO:CC","cytoplasm",27195,305,"GO:0005622; GO:0110165"
